<?xml version="1.0" encoding="UTF-8" standalone="no"?>
<SimiLinesWorkingDataSetConfigurationFile>
   <RawDataParameters unitOfRecord="incident">
      <Categories>
         <Category name="created">
            <color b="0" g="128" r="255"/>
         </Category>
         <Category name="confirmed">
            <color b="0" g="255" r="255"/>
         </Category>
         <Category name="scene_cleared">
            <color b="0" g="255" r="0"/>
         </Category>
         <Category name="closed">
            <color b="255" g="255" r="0"/>
         </Category>
         <Category name="notified Others">
            <color b="255" g="128" r="0"/>
         </Category>
         <Category name="notified MDTA">
            <color b="255" g="0" r="0"/>
         </Category>
         <Category name="responded MDTA">
            <color b="255" g="0" r="255"/>
         </Category>
         <Category name="departed MDTA">
            <color b="128" g="0" r="255"/>
         </Category>
         <Category name="notified Towing">
            <color b="115" g="115" r="255"/>
         </Category>
         <Category name="responded Towing">
            <color b="115" g="185" r="255"/>
         </Category>
         <Category name="departed Towing">
            <color b="115" g="255" r="255"/>
         </Category>
         <Category name="notified Police/Patrol/Sheriff">
            <color b="0" g="0" r="255"/>
         </Category>
         <Category name="responded Police/Patrol/Sheriff">
            <color b="0" g="128" r="255"/>
         </Category>
         <Category name="departed">
            <color b="0" g="255" r="255"/>
         </Category>
         <Category name="departed Police/Patrol/Sheriff">
            <color b="0" g="255" r="0"/>
         </Category>
         <Category name="notified Fireboard">
            <color b="255" g="255" r="0"/>
         </Category>
         <Category name="responded Fireboard">
            <color b="255" g="128" r="0"/>
         </Category>
         <Category name="departed Fireboard">
            <color b="255" g="0" r="0"/>
         </Category>
         <Category name="notified Medic/Ambulance/Medivac">
            <color b="255" g="0" r="255"/>
         </Category>
         <Category name="responded Others">
            <color b="128" g="0" r="255"/>
         </Category>
         <Category name="departed Others">
            <color b="115" g="115" r="255"/>
         </Category>
         <Category name="delay_cleared">
            <color b="115" g="185" r="255"/>
         </Category>
         <Category name="notified SHA">
            <color b="115" g="255" r="255"/>
         </Category>
         <Category name="responded SHA">
            <color b="0" g="0" r="255"/>
         </Category>
         <Category name="departed SHA">
            <color b="0" g="128" r="255"/>
         </Category>
         <Category name="notified Arrow board">
            <color b="0" g="255" r="255"/>
         </Category>
         <Category name="responded Arrow board">
            <color b="0" g="255" r="0"/>
         </Category>
         <Category name="notified CHART Unit">
            <color b="255" g="255" r="0"/>
         </Category>
         <Category name="responded CHART Unit">
            <color b="255" g="128" r="0"/>
         </Category>
         <Category name="departed CHART Unit">
            <color b="255" g="0" r="0"/>
         </Category>
         <Category name="notified Sand/Salt/Dump truck">
            <color b="255" g="0" r="255"/>
         </Category>
         <Category name="responded Sand/Salt/Dump truck">
            <color b="128" g="0" r="255"/>
         </Category>
         <Category name="departed Sand/Salt/Dump truck">
            <color b="115" g="115" r="255"/>
         </Category>
         <Category name="notified Hazmat">
            <color b="115" g="185" r="255"/>
         </Category>
         <Category name="responded Hazmat">
            <color b="115" g="255" r="255"/>
         </Category>
         <Category name="departed Hazmat">
            <color b="0" g="0" r="255"/>
         </Category>
         <Category name="notified Investigation/Accident">
            <color b="0" g="128" r="255"/>
         </Category>
         <Category name="responded Investigation/Accident">
            <color b="0" g="255" r="255"/>
         </Category>
         <Category name="departed Investigation/Accident">
            <color b="0" g="255" r="0"/>
         </Category>
         <Category name="notified Verizon">
            <color b="255" g="255" r="0"/>
         </Category>
         <Category name="responded Verizon">
            <color b="255" g="128" r="0"/>
         </Category>
         <Category name="departed Verizon">
            <color b="255" g="0" r="0"/>
         </Category>
         <Category name="notified Public Affairs">
            <color b="255" g="0" r="255"/>
         </Category>
         <Category name="notified SHOP">
            <color b="128" g="0" r="255"/>
         </Category>
         <Category name="responded SHOP">
            <color b="115" g="115" r="255"/>
         </Category>
         <Category name="departed SHOP">
            <color b="115" g="185" r="255"/>
         </Category>
         <Category name="responded Medic/Ambulance/Medivac">
            <color b="115" g="255" r="255"/>
         </Category>
         <Category name="departed Medic/Ambulance/Medivac">
            <color b="0" g="0" r="255"/>
         </Category>
         <Category name="departed Arrow board">
            <color b="0" g="128" r="255"/>
         </Category>
         <Category name="notified Loader">
            <color b="0" g="255" r="255"/>
         </Category>
         <Category name="responded Loader">
            <color b="0" g="255" r="0"/>
         </Category>
         <Category name="departed Loader">
            <color b="255" g="255" r="0"/>
         </Category>
         <Category name="notified Name">
            <color b="255" g="128" r="0"/>
         </Category>
         <Category name="notified Sweeper">
            <color b="255" g="0" r="0"/>
         </Category>
         <Category name="notified Media">
            <color b="255" g="0" r="255"/>
         </Category>
         <Category name="responded Public Affairs">
            <color b="128" g="0" r="255"/>
         </Category>
         <Category name="responded Sweeper">
            <color b="115" g="115" r="255"/>
         </Category>
         <Category name="departed Sweeper">
            <color b="115" g="185" r="255"/>
         </Category>
         <Category name="responded Media">
            <color b="115" g="255" r="255"/>
         </Category>
         <Category name="departed Media">
            <color b="0" g="0" r="255"/>
         </Category>
         <Category name="responded Name">
            <color b="0" g="128" r="255"/>
         </Category>
         <Category name="departed Name">
            <color b="0" g="255" r="255"/>
         </Category>
         <Category name="notified Investigation/CrimeScene">
            <color b="0" g="255" r="0"/>
         </Category>
         <Category name="responded Investigation/CrimeScene">
            <color b="255" g="255" r="0"/>
         </Category>
      </Categories>
   </RawDataParameters>
   <LifeLinesViewParameters>
      <!--Events will be displayed in this order.-->
      <VisibleCategories>
         <Category checked="true" name="created"/>
         <Category checked="true" name="confirmed"/>
         <Category checked="true" name="scene_cleared"/>
         <Category checked="true" name="closed"/>
         <Category checked="true" name="notified Others"/>
         <Category checked="true" name="notified MDTA"/>
         <Category checked="true" name="responded MDTA"/>
         <Category checked="true" name="departed MDTA"/>
         <Category checked="true" name="notified Towing"/>
         <Category checked="true" name="responded Towing"/>
         <Category checked="true" name="departed Towing"/>
         <Category checked="true" name="notified Police/Patrol/Sheriff"/>
         <Category checked="true" name="responded Police/Patrol/Sheriff"/>
         <Category checked="true" name="departed"/>
         <Category checked="true" name="departed Police/Patrol/Sheriff"/>
         <Category checked="true" name="notified Fireboard"/>
         <Category checked="true" name="responded Fireboard"/>
         <Category checked="true" name="departed Fireboard"/>
         <Category checked="true" name="notified Medic/Ambulance/Medivac"/>
         <Category checked="true" name="responded Others"/>
         <Category checked="true" name="departed Others"/>
         <Category checked="true" name="delay_cleared"/>
         <Category checked="true" name="notified SHA"/>
         <Category checked="true" name="responded SHA"/>
         <Category checked="true" name="departed SHA"/>
         <Category checked="true" name="notified Arrow board"/>
         <Category checked="true" name="responded Arrow board"/>
         <Category checked="true" name="notified CHART Unit"/>
         <Category checked="true" name="responded CHART Unit"/>
         <Category checked="true" name="departed CHART Unit"/>
         <Category checked="true" name="notified Sand/Salt/Dump truck"/>
         <Category checked="true" name="responded Sand/Salt/Dump truck"/>
         <Category checked="true" name="departed Sand/Salt/Dump truck"/>
         <Category checked="true" name="notified Hazmat"/>
         <Category checked="true" name="responded Hazmat"/>
         <Category checked="true" name="departed Hazmat"/>
         <Category checked="true" name="notified Investigation/Accident"/>
         <Category checked="true" name="responded Investigation/Accident"/>
         <Category checked="true" name="departed Investigation/Accident"/>
         <Category checked="true" name="notified Verizon"/>
         <Category checked="true" name="responded Verizon"/>
         <Category checked="true" name="departed Verizon"/>
         <Category checked="true" name="notified Public Affairs"/>
         <Category checked="true" name="notified SHOP"/>
         <Category checked="true" name="responded SHOP"/>
         <Category checked="true" name="departed SHOP"/>
         <Category checked="true" name="responded Medic/Ambulance/Medivac"/>
         <Category checked="true" name="departed Medic/Ambulance/Medivac"/>
         <Category checked="true" name="departed Arrow board"/>
         <Category checked="true" name="notified Loader"/>
         <Category checked="true" name="responded Loader"/>
         <Category checked="true" name="departed Loader"/>
         <Category checked="true" name="notified Name"/>
         <Category checked="true" name="notified Sweeper"/>
         <Category checked="true" name="notified Media"/>
         <Category checked="true" name="responded Public Affairs"/>
         <Category checked="true" name="responded Sweeper"/>
         <Category checked="true" name="departed Sweeper"/>
         <Category checked="true" name="responded Media"/>
         <Category checked="true" name="departed Media"/>
         <Category checked="true" name="responded Name"/>
         <Category checked="true" name="departed Name"/>
         <Category checked="true" name="notified Investigation/CrimeScene"/>
         <Category checked="true" name="responded Investigation/CrimeScene"/>
      </VisibleCategories>
   </LifeLinesViewParameters>
   <LifeFlowViewParameters>
      <ActiveCategories>
         <Category checked="true" name="created"/>
         <Category checked="true" name="confirmed"/>
         <Category checked="false" name="scene_cleared"/>
         <Category checked="true" name="closed"/>
         <Category checked="false" name="notified Others"/>
         <Category checked="false" name="notified MDTA"/>
         <Category checked="false" name="responded MDTA"/>
         <Category checked="false" name="departed MDTA"/>
         <Category checked="false" name="notified Towing"/>
         <Category checked="false" name="responded Towing"/>
         <Category checked="false" name="departed Towing"/>
         <Category checked="true" name="notified Police/Patrol/Sheriff"/>
         <Category checked="true" name="responded Police/Patrol/Sheriff"/>
         <Category checked="false" name="departed"/>
         <Category checked="true" name="departed Police/Patrol/Sheriff"/>
         <Category checked="false" name="notified Fireboard"/>
         <Category checked="false" name="responded Fireboard"/>
         <Category checked="false" name="departed Fireboard"/>
         <Category checked="false" name="notified Medic/Ambulance/Medivac"/>
         <Category checked="false" name="responded Others"/>
         <Category checked="false" name="departed Others"/>
         <Category checked="false" name="delay_cleared"/>
         <Category checked="false" name="notified SHA"/>
         <Category checked="false" name="responded SHA"/>
         <Category checked="false" name="departed SHA"/>
         <Category checked="false" name="notified Arrow board"/>
         <Category checked="false" name="responded Arrow board"/>
         <Category checked="false" name="notified CHART Unit"/>
         <Category checked="false" name="responded CHART Unit"/>
         <Category checked="false" name="departed CHART Unit"/>
         <Category checked="false" name="notified Sand/Salt/Dump truck"/>
         <Category checked="false" name="responded Sand/Salt/Dump truck"/>
         <Category checked="false" name="departed Sand/Salt/Dump truck"/>
         <Category checked="false" name="notified Hazmat"/>
         <Category checked="false" name="responded Hazmat"/>
         <Category checked="false" name="departed Hazmat"/>
         <Category checked="false" name="notified Investigation/Accident"/>
         <Category checked="false" name="responded Investigation/Accident"/>
         <Category checked="false" name="departed Investigation/Accident"/>
         <Category checked="false" name="notified Verizon"/>
         <Category checked="false" name="responded Verizon"/>
         <Category checked="false" name="departed Verizon"/>
         <Category checked="false" name="notified Public Affairs"/>
         <Category checked="false" name="notified SHOP"/>
         <Category checked="false" name="responded SHOP"/>
         <Category checked="false" name="departed SHOP"/>
         <Category checked="false" name="responded Medic/Ambulance/Medivac"/>
         <Category checked="false" name="departed Medic/Ambulance/Medivac"/>
         <Category checked="false" name="departed Arrow board"/>
         <Category checked="false" name="notified Loader"/>
         <Category checked="false" name="responded Loader"/>
         <Category checked="false" name="departed Loader"/>
         <Category checked="false" name="notified Name"/>
         <Category checked="false" name="notified Sweeper"/>
         <Category checked="false" name="notified Media"/>
         <Category checked="false" name="responded Public Affairs"/>
         <Category checked="false" name="responded Sweeper"/>
         <Category checked="false" name="departed Sweeper"/>
         <Category checked="false" name="responded Media"/>
         <Category checked="false" name="departed Media"/>
         <Category checked="false" name="responded Name"/>
         <Category checked="false" name="departed Name"/>
         <Category checked="false" name="notified Investigation/CrimeScene"/>
         <Category checked="false" name="responded Investigation/CrimeScene"/>
      </ActiveCategories>
   </LifeFlowViewParameters>
</SimiLinesWorkingDataSetConfigurationFile>
