<?xml version="1.0" encoding="UTF-8" standalone="no"?>
<SimiLinesWorkingDataSetConfigurationFile>
   <RawDataParameters unitOfRecord="record">
      <Categories>
         <Category name="responded Others">
            <color b="0" g="128" r="255"/>
         </Category>
         <Category name="responded MDTA">
            <color b="0" g="255" r="255"/>
         </Category>
         <Category name="responded Towing">
            <color b="0" g="255" r="0"/>
         </Category>
         <Category name="responded Police/Patrol/Sheriff">
            <color b="255" g="255" r="0"/>
         </Category>
         <Category name="responded Fireboard">
            <color b="255" g="128" r="0"/>
         </Category>
         <Category name="responded Medic/Ambulance/Medivac">
            <color b="255" g="0" r="0"/>
         </Category>
         <Category name="responded SHA">
            <color b="255" g="0" r="255"/>
         </Category>
         <Category name="responded Arrow board">
            <color b="128" g="0" r="255"/>
         </Category>
         <Category name="responded CHART Unit">
            <color b="115" g="115" r="255"/>
         </Category>
         <Category name="responded Sand/Salt/Dump truck">
            <color b="115" g="185" r="255"/>
         </Category>
         <Category name="responded Hazmat">
            <color b="115" g="255" r="255"/>
         </Category>
         <Category name="responded Investigation/Accident">
            <color b="0" g="0" r="255"/>
         </Category>
         <Category name="responded Verizon">
            <color b="0" g="128" r="255"/>
         </Category>
         <Category name="responded Public Affairs">
            <color b="0" g="255" r="255"/>
         </Category>
         <Category name="responded SHOP">
            <color b="0" g="255" r="0"/>
         </Category>
         <Category name="responded Loader">
            <color b="255" g="255" r="0"/>
         </Category>
         <Category name="responded Name">
            <color b="255" g="128" r="0"/>
         </Category>
         <Category name="responded Sweeper">
            <color b="255" g="0" r="0"/>
         </Category>
         <Category name="responded Media">
            <color b="255" g="0" r="255"/>
         </Category>
         <Category name="responded Investigation/CrimeScene">
            <color b="128" g="0" r="255"/>
         </Category>
      </Categories>
   </RawDataParameters>
   <LifeLinesViewParameters>
      <!--Events will be displayed in this order.-->
      <VisibleCategories>
         <Category checked="true" name="responded Others"/>
         <Category checked="true" name="responded MDTA"/>
         <Category checked="true" name="responded Towing"/>
         <Category checked="true" name="responded Police/Patrol/Sheriff"/>
         <Category checked="true" name="responded Fireboard"/>
         <Category checked="true" name="responded Medic/Ambulance/Medivac"/>
         <Category checked="true" name="responded SHA"/>
         <Category checked="true" name="responded Arrow board"/>
         <Category checked="true" name="responded CHART Unit"/>
         <Category checked="true" name="responded Sand/Salt/Dump truck"/>
         <Category checked="true" name="responded Hazmat"/>
         <Category checked="true" name="responded Investigation/Accident"/>
         <Category checked="true" name="responded Verizon"/>
         <Category checked="true" name="responded Public Affairs"/>
         <Category checked="true" name="responded SHOP"/>
         <Category checked="true" name="responded Loader"/>
         <Category checked="true" name="responded Name"/>
         <Category checked="true" name="responded Sweeper"/>
         <Category checked="true" name="responded Media"/>
         <Category checked="true" name="responded Investigation/CrimeScene"/>
      </VisibleCategories>
   </LifeLinesViewParameters>
   <LifeFlowViewParameters>
      <ActiveCategories>
         <Category checked="true" name="responded Others"/>
         <Category checked="true" name="responded MDTA"/>
         <Category checked="true" name="responded Towing"/>
         <Category checked="true" name="responded Police/Patrol/Sheriff"/>
         <Category checked="true" name="responded Fireboard"/>
         <Category checked="true" name="responded Medic/Ambulance/Medivac"/>
         <Category checked="true" name="responded SHA"/>
         <Category checked="true" name="responded Arrow board"/>
         <Category checked="true" name="responded CHART Unit"/>
         <Category checked="true" name="responded Sand/Salt/Dump truck"/>
         <Category checked="true" name="responded Hazmat"/>
         <Category checked="true" name="responded Investigation/Accident"/>
         <Category checked="true" name="responded Verizon"/>
         <Category checked="true" name="responded Public Affairs"/>
         <Category checked="true" name="responded SHOP"/>
         <Category checked="true" name="responded Loader"/>
         <Category checked="true" name="responded Name"/>
         <Category checked="true" name="responded Sweeper"/>
         <Category checked="true" name="responded Media"/>
         <Category checked="true" name="responded Investigation/CrimeScene"/>
      </ActiveCategories>
   </LifeFlowViewParameters>
</SimiLinesWorkingDataSetConfigurationFile>
