<?xml version="1.0" encoding="UTF-8" standalone="no"?>
<SimiLinesWorkingDataSetConfigurationFile>
   <RawDataParameters unitOfRecord="record">
      <Categories>
         <Category name="notified Others">
            <color b="0" g="128" r="255"/>
         </Category>
         <Category name="notified MDTA">
            <color b="0" g="255" r="255"/>
         </Category>
         <Category name="notified Towing">
            <color b="0" g="255" r="0"/>
         </Category>
         <Category name="notified Police/Patrol/Sheriff">
            <color b="255" g="255" r="0"/>
         </Category>
         <Category name="notified Fireboard">
            <color b="255" g="128" r="0"/>
         </Category>
         <Category name="notified Medic/Ambulance/Medivac">
            <color b="255" g="0" r="0"/>
         </Category>
         <Category name="notified SHA">
            <color b="255" g="0" r="255"/>
         </Category>
         <Category name="notified Arrow board">
            <color b="128" g="0" r="255"/>
         </Category>
         <Category name="notified CHART Unit">
            <color b="115" g="115" r="255"/>
         </Category>
         <Category name="notified Sand/Salt/Dump truck">
            <color b="115" g="185" r="255"/>
         </Category>
         <Category name="notified Hazmat">
            <color b="115" g="255" r="255"/>
         </Category>
         <Category name="notified Investigation/Accident">
            <color b="0" g="0" r="255"/>
         </Category>
         <Category name="notified Verizon">
            <color b="0" g="128" r="255"/>
         </Category>
         <Category name="notified Public Affairs">
            <color b="0" g="255" r="255"/>
         </Category>
         <Category name="notified SHOP">
            <color b="0" g="255" r="0"/>
         </Category>
         <Category name="notified Loader">
            <color b="255" g="255" r="0"/>
         </Category>
         <Category name="notified Name">
            <color b="255" g="128" r="0"/>
         </Category>
         <Category name="notified Sweeper">
            <color b="255" g="0" r="0"/>
         </Category>
         <Category name="notified Media">
            <color b="255" g="0" r="255"/>
         </Category>
         <Category name="notified Investigation/CrimeScene">
            <color b="128" g="0" r="255"/>
         </Category>
      </Categories>
   </RawDataParameters>
   <LifeLinesViewParameters>
      <!--Events will be displayed in this order.-->
      <VisibleCategories>
         <Category checked="true" name="notified Others"/>
         <Category checked="true" name="notified MDTA"/>
         <Category checked="true" name="notified Towing"/>
         <Category checked="true" name="notified Police/Patrol/Sheriff"/>
         <Category checked="true" name="notified Fireboard"/>
         <Category checked="true" name="notified Medic/Ambulance/Medivac"/>
         <Category checked="true" name="notified SHA"/>
         <Category checked="true" name="notified Arrow board"/>
         <Category checked="true" name="notified CHART Unit"/>
         <Category checked="true" name="notified Sand/Salt/Dump truck"/>
         <Category checked="true" name="notified Hazmat"/>
         <Category checked="true" name="notified Investigation/Accident"/>
         <Category checked="true" name="notified Verizon"/>
         <Category checked="true" name="notified Public Affairs"/>
         <Category checked="true" name="notified SHOP"/>
         <Category checked="true" name="notified Loader"/>
         <Category checked="true" name="notified Name"/>
         <Category checked="true" name="notified Sweeper"/>
         <Category checked="true" name="notified Media"/>
         <Category checked="true" name="notified Investigation/CrimeScene"/>
      </VisibleCategories>
   </LifeLinesViewParameters>
   <LifeFlowViewParameters>
      <ActiveCategories>
         <Category checked="false" name="notified Others"/>
         <Category checked="true" name="notified MDTA"/>
         <Category checked="false" name="notified Towing"/>
         <Category checked="true" name="notified Police/Patrol/Sheriff"/>
         <Category checked="true" name="notified Fireboard"/>
         <Category checked="true" name="notified Medic/Ambulance/Medivac"/>
         <Category checked="true" name="notified SHA"/>
         <Category checked="true" name="notified Arrow board"/>
         <Category checked="true" name="notified CHART Unit"/>
         <Category checked="true" name="notified Sand/Salt/Dump truck"/>
         <Category checked="true" name="notified Hazmat"/>
         <Category checked="false" name="notified Investigation/Accident"/>
         <Category checked="false" name="notified Verizon"/>
         <Category checked="false" name="notified Public Affairs"/>
         <Category checked="false" name="notified SHOP"/>
         <Category checked="false" name="notified Loader"/>
         <Category checked="false" name="notified Name"/>
         <Category checked="false" name="notified Sweeper"/>
         <Category checked="false" name="notified Media"/>
         <Category checked="false" name="notified Investigation/CrimeScene"/>
      </ActiveCategories>
   </LifeFlowViewParameters>
</SimiLinesWorkingDataSetConfigurationFile>
